{"cameraMode":{"drawMode":0,"name":"Shaded","section":"Shading Mode"},"sceneLighting":false,"audioPlay":false,"sceneViewState":{"m_AlwaysRefresh":false,"showFog":true,"showSkybox":false,"showFlares":true,"showImageEffects":true,"showParticleSystems":true,"showVisualEffectGraphs":true,"m_FxEnabled":true},"in2DMode":false,"pivot":{"x":3.8849172592163088,"y":-0.6286132335662842,"z":2.367873191833496},"rotation":{"x":0.22924865782260896,"y":0.21543441712856294,"z":-0.05211027339100838,"w":0.9478310942649841},"size":2.1930670738220217,"orthographic":false}